timestamp,status,total_tokens,model,original_filepath,original_filename,width,height,category,genre,filename,clean_filename,filename_already_makes_sense,tags,description
2026-06-14T07:20:05.494606,ok,703,gemma4:e4b,C:\Users\oloon\Dropbox\images\uploads\dream_reality_cover.jpg,dream_reality_cover.jpg,337,512,art,fantasy,dream_reality_cover.jpg,dream_reality_cover.jpg,True,abstract;surrealism;dreamscape;cosmic;portal;ethereal;mystery;blue;purple,"This is an abstract, digital artwork featuring a surreal and dreamlike scene dominated by deep blues, purples, and blacks. The composition suggests a transition between different states of reality or consciousness. In the foreground, there are swirling, ethereal elements that resemble smoke, mist, or cosmic dust. These tendrils flow across the bottom half of the image. Towards the center-right, there is a more defined structure—a glowing, crystalline formation or portal that emits bright white and cyan light. This central element seems to be the focal point, suggesting an entrance or gateway. The background is characterized by deep gradients and nebulous textures, giving it a cosmic or otherworldly feel. Overall, the image evokes themes of mystery, subconscious thought, and the boundary between dreams and waking life."
2026-06-14T07:20:15.118339,ok,659,gemma4:e4b,C:\Users\oloon\Dropbox\images\uploads\e319ac35de54496aa450f336f2afde8d.jpg,e319ac35de54496aa450f336f2afde8d.jpg,313,512,art,abstract,geometric_blue_tech_background.jpg,geometric_blue_tech_background.jpg,False,background;geometric;blue;black;abstract;technology;digital art;pattern;network;sci-fi,"This is a digital abstract background featuring a complex, geometric pattern in shades of deep blue and black. The design appears to be composed of interconnected lines, shapes, and nodes, suggesting a technological or cosmic network. There are subtle gradients and variations in the darkness, giving the impression of depth and three-dimensionality. The overall aesthetic is modern, sophisticated, and highly abstract, suitable for use as a background texture or wallpaper."
2026-06-14T07:20:24.096072,ok,620,gemma4:e4b,C:\Users\oloon\Dropbox\images\uploads\electronic_computers_book.jpg,electronic_computers_book.jpg,341,512,photo,technology,electronic_computers_book.jpg,electronic_computers_book.jpg,True,book;computer;electronics;learning;science;education;technology;vintage,"This is a photograph featuring an open book titled 'Electronic Computers' resting on a dark, textured surface. The book appears to be academic or technical in nature, with the visible pages filled with text and diagrams. The cover of the book has a title that includes 'electronic computers'. The lighting is somewhat dramatic, highlighting the book while leaving the surrounding area in shadow, giving the image a focused, intellectual atmosphere."
2026-06-14T07:20:34.363793,ok,674,gemma4:e4b,C:\Users\oloon\Dropbox\images\uploads\fourth_dimension_book.jpg,fourth_dimension_book.jpg,355,512,art,sci-fi,abstract_dimensional_space.jpg,abstract_dimensional_space.jpg,True,abstract;space;dimension;cosmic;energy;portal;science fiction;dark art;nebula,"This is an abstract, dark, and somewhat mysterious digital artwork. The composition features a central, glowing object or portal that appears to be emitting energy or light. This core element is surrounded by swirling patterns of deep blues, blacks, and hints of purple and cyan. The overall texture suggests cosmic dust, nebulae, or dimensional rifts. There are geometric shapes and lines integrated into the swirls, giving it a structured yet chaotic feel. The lighting is dramatic, with bright points contrasting sharply against the dark background, creating a sense of depth and infinite space. It evokes themes related to theoretical physics, dimensions, or deep space."
2026-06-14T07:20:44.181739,ok,704,gemma4:e4b,C:\Users\oloon\Dropbox\images\uploads\froth_daydream_cover.jpg,froth_daydream_cover.jpg,313,512,art,abstract,deep_blue_nebula_froth.jpg,deep_blue_nebula_froth.jpg,False,nebula;space;cosmic;abstract;blue;dark;texture;void;energy,"This is an abstract, highly textured digital artwork dominated by deep blues and blacks, suggesting a cosmic or ethereal void. The main subject appears to be swirling, luminous energy or 'froth' that emanates from the center-left of the frame. This central area features bright cyan, electric blue, and white highlights, giving the impression of glowing gas or liquid movement. These brighter areas transition outwards into darker, more muted tones of indigo and deep navy. The overall texture is complex and organic, resembling nebula clouds, smoke, or highly magnified fluid dynamics. There are subtle streaks and gradients that give the image a sense of depth and motion, as if looking into an infinite, glowing abyss. The composition is balanced but dynamic, drawing the eye towards the luminous core."
2026-06-14T07:20:52.273971,ok,671,gemma4:e4b,C:\Users\oloon\Dropbox\images\uploads\invisible_landscape_cover.jpg,invisible_landscape_cover.jpg,351,512,art,fantasy,abstract_fantasy_landscape.jpg,abstract_fantasy_landscape.jpg,True,abstract;landscape;surrealism;ethereal;sci-fi;digital art;cosmic;bioluminescent;dreamlike,"This is an abstract, digital artwork depicting a surreal and ethereal landscape. The scene features a vast expanse of deep blues and purples, suggesting either twilight or deep space. In the foreground and middle ground, there are indistinct, glowing structures that resemble floating islands or crystalline formations. These elements emit soft, bioluminescent light, creating a sense of mystery and depth. The overall composition is highly atmospheric, utilizing gradients and nebulous textures to give the impression of an otherworldly environment. There are no discernible figures or objects in sharp focus; the emphasis is entirely on color, mood, and abstract form."
2026-06-14T07:21:01.792468,ok,639,gemma4:e4b,C:\Users\oloon\Dropbox\images\uploads\language_modern_world.jpg,language_modern_world.jpg,326,512,art,sci-fi,abstract_tech_patterns.jpg,abstract_tech_patterns.jpg,True,abstract;digital art;technology;futuristic;geometric;blue;pattern;science;data;molecular,"This is an abstract, digital piece of art featuring complex geometric and organic patterns in shades of deep blue, teal, black, and white. The composition suggests a blend of technological complexity and natural flow. There are interwoven lines and shapes that create a sense of depth and movement, resembling circuit boards, molecular structures, or flowing liquid energy. The overall aesthetic is highly detailed and futuristic, giving the impression of data streams or advanced scientific concepts."
2026-06-14T07:21:09.628944,ok,666,gemma4:e4b,C:\Users\oloon\Dropbox\images\uploads\making_simple_constructions.jpg,making_simple_constructions.jpg,384,512,art,abstract,geometric_pattern_abstract.jpg,geometric_pattern_abstract.jpg,False,geometric;pattern;black_and_white;minimalist;tessellation;fractal;abstract_art;geometry,"This is an abstract, digital artwork featuring a complex geometric pattern composed primarily of black and white elements. The design appears to be based on tessellation or fractal geometry, creating a sense of depth and optical illusion. Various interconnected lines form intricate shapes that repeat across the canvas. The overall aesthetic is highly structured and minimalist, utilizing high contrast between the solid black areas and the bright white background/lines. There are no discernible figures or objects in the traditional sense; the focus is entirely on the mathematical beauty and complexity of the pattern itself."
2026-06-14T07:21:20.009057,ok,754,gemma4:e4b,C:\Users\oloon\Dropbox\images\uploads\mysterious_worlds_cover.jpg,mysterious_worlds_cover.jpg,345,512,art,fantasy,mysterious_worlds_cover.jpg,mysterious_worlds_cover.jpg,True,landscape;sci-fi;fantasy art;ruins;alien;cosmic;mysterious;digital painting;dystopian;worldbuilding,"This is a dark, atmospheric digital illustration depicting a fantastical and mysterious landscape. The scene appears to be set at twilight or night, dominated by deep blues, purples, and blacks. In the foreground, there are jagged rock formations and what looks like overgrown, alien flora. The ground seems uneven and rugged. The middle ground features a body of water—perhaps a lagoon or river—that reflects the dramatic sky. On the far side of the water, there is a cluster of strange, monolithic structures or ruins that rise out of the landscape. These structures are illuminated by an ethereal, glowing light source, possibly coming from within them or from above. The sky itself is highly stylized and dramatic, filled with swirling nebulae, cosmic dust, and vibrant colors like magenta, cyan, and deep indigo. There are hints of celestial bodies or distant galaxies visible in the upper portion of the image. The overall mood is one of profound mystery, ancient civilization, and otherworldly grandeur."
2026-06-14T07:21:28.461437,ok,658,gemma4:e4b,C:\Users\oloon\Dropbox\images\uploads\outside_circles_time.jpg,outside_circles_time.jpg,331,512,art,abstract,abstract_time_circles.jpg,abstract_time_circles.jpg,True,abstract art;circles;time;geometry;cosmic;digital art;pattern;science fiction;energy,"This is an abstract, digital artwork featuring concentric circles and geometric patterns set against a dark background. The composition suggests movement or the passage of time. Multiple rings of varying sizes are visible, emanating from various points, creating overlapping layers of color and form. The colors used include deep blues, purples, cyan, magenta, and black, giving it an ethereal, cosmic feel. Some circles appear solid, while others have a gradient or smoky texture. The overall aesthetic is highly stylized and abstract, evoking concepts like time travel, universal energy, or cyclical patterns."
2026-06-14T07:21:36.910014,ok,653,gemma4:e4b,C:\Users\oloon\Dropbox\images\uploads\perception_book_cover.jpg,perception_book_cover.jpg,293,512,art,fantasy,abstract_head_bust.jpg,abstract_head_bust.jpg,True,abstract;head;portrait;dark art;perception;thought;mystery;digital art;smoke,"This is an abstract, dark, and somewhat mysterious digital artwork. The composition features a central, stylized human head or bust emerging from swirling, smoky darkness. The subject's face is rendered in deep shadows, giving it an enigmatic quality. Visible elements include what appears to be intricate, almost mechanical or organic structures around the neck and jawline, suggesting themes of thought, perception, or internal complexity. The background is a gradient of blacks and dark grays, with subtle hints of purple and blue smoke that swirl around the central figure. The overall mood is contemplative, intellectual, and slightly unsettling."
2026-06-14T07:21:46.148448,ok,658,gemma4:e4b,C:\Users\oloon\Dropbox\images\uploads\phantoms_brain_bookcover.jpg,phantoms_brain_bookcover.jpg,300,475,art,fantasy,brain_consciousness_art.jpg,brain_consciousness_art.jpg,True,brain;consciousness;anatomy;science;mystery;knowledge;mind;book cover;illustration,"This is an album cover or book cover featuring a stylized, somewhat ethereal depiction of human brains and related scientific/mystical elements. The background is dark and moody, suggesting deep thought or the subconscious. Several anatomical drawings and diagrams are overlaid on the main subject matter. The central focus appears to be several interconnected brain structures rendered in shades of blue, purple, and white, giving them a glowing, almost ghostly quality. There are also intricate line drawings resembling neural pathways, gears, and abstract scientific symbols scattered around the brains. The overall aesthetic is highly detailed, academic yet fantastical, suggesting themes of consciousness, knowledge, or the mysteries of the mind."
2026-06-14T07:21:56.827927,ok,663,gemma4:e4b,C:\Users\oloon\Dropbox\images\uploads\philosophical_sketches_cover.jpg,philosophical_sketches_cover.jpg,307,512,art,abstract,philosophical_sketches_cover.jpg,philosophical_sketches_cover.jpg,True,philosophy;abstract;mind;consciousness;geometry;dark academia;thought;conceptual art,"This is a dark, abstract, and somewhat moody digital artwork featuring a complex arrangement of geometric shapes and organic forms. The primary colors are deep blacks, grays, and muted blues, giving it a somber or contemplative atmosphere. In the center-left area, there appears to be a stylized representation of human thought or consciousness, perhaps suggested by interconnected lines and nodes. Various abstract elements—including sharp angles, flowing curves, and fragmented structures—interact across the canvas. The overall composition suggests themes related to philosophy, complexity, knowledge, or the inner workings of the mind. There is no discernible literal subject matter, making it purely conceptual."
2026-06-14T07:22:06.744669,ok,697,gemma4:e4b,C:\Users\oloon\Dropbox\images\uploads\philosophy_physics_cover.jpg,philosophy_physics_cover.jpg,384,512,art,sci-fi,abstract_physics_philosophy.jpg,abstract_physics_philosophy.jpg,True,abstract;physics;philosophy;cosmic;quantum;dark;energy;science;thought;reality,"This is an abstract, dark, and highly textured digital artwork that appears to be a conceptual representation of complex ideas or the fabric of reality. The background is dominated by deep blacks and grays, giving it a mysterious and profound atmosphere. Scattered across this darkness are intricate patterns and glowing elements. These include swirling lines, geometric shapes, and what resemble cosmic dust clouds or energy fields. There are areas where bright, ethereal blues and purples glow, suggesting immense power or knowledge. The overall composition is highly detailed and fractal-like, evoking themes of quantum physics, deep thought, and the interconnectedness of matter and ideas. It has a scientific yet mystical aesthetic."
2026-06-14T07:22:16.093960,ok,646,gemma4:e4b,C:\Users\oloon\Dropbox\images\uploads\pnin_surreal_cover.jpg,pnin_surreal_cover.jpg,305,511,art,surrealism,pnin_surreal_cover.jpg,pnin_surreal_cover.jpg,True,abstract;digital art;surreal;dark academia;moody;texture;cosmic;dreamlike,"This is an abstract, surreal digital artwork featuring a dark, moody background with deep blacks and grays. The central elements appear to be fragmented or distorted forms of objects and figures, giving the overall impression of a dreamlike or subconscious landscape. There are swirling patterns and textures that suggest smoke, liquid metal, or cosmic dust. Within this darkness, there are hints of geometric shapes and organic curves that seem to float in space. The composition is highly stylized and non-representational, focusing on mood and texture rather than clear narrative elements."
2026-06-14T07:22:25.578722,ok,660,gemma4:e4b,C:\Users\oloon\Dropbox\images\uploads\psychedelic_experience_cover.jpg,psychedelic_experience_cover.jpg,374,512,art,psychedelic,psychedelic_abstract_art.jpg,psychedelic_abstract_art.jpg,True,abstract;digital art;psychedelic;vibrant;colorful;swirl;vision;dreamscape,"This is an abstract, highly saturated, and complex digital artwork characterized by psychedelic patterns and vibrant colors. The composition features swirling, organic shapes that blend together in a mesmerizing fashion. Dominant colors include deep purples, electric blues, neon greens, hot pinks, and yellows. The overall effect suggests a visual representation of altered consciousness or a dream state. There are no discernible figures or objects; the focus is entirely on the interplay of color, light, and abstract geometry, creating a sense of depth and movement."
2026-06-14T07:22:35.432508,ok,653,gemma4:e4b,C:\Users\oloon\Dropbox\images\uploads\psychic_visits_past.jpg,psychic_visits_past.jpg,313,512,art,fantasy,psychic_abstract_art.jpg,psychic_abstract_art.jpg,True,abstract;psychedelic;spiritual;mystical;energy;cosmic;dark;vision;aura,"This is an abstract, dark, and atmospheric digital artwork featuring swirling patterns and deep colors. The composition suggests a mystical or psychic theme. Dominant colors include deep blues, purples, blacks, and hints of electric cyan and magenta. There are visible energy streaks and nebulous cloud-like formations that give the impression of cosmic or spiritual energy being channeled. The overall texture is highly detailed and ethereal, resembling smoke mixed with starlight or a psychic vision. The style is reminiscent of abstract expressionism combined with digital fractal art."
2026-06-14T07:22:46.626618,ok,644,gemma4:e4b,C:\Users\oloon\Dropbox\images\uploads\psychology_book_cover.jpg,psychology_book_cover.jpg,312,512,art,sci-fi,psychology_mind_network.jpg,psychology_mind_network.jpg,True,psychology;mind;brain;abstract;neural network;thought;science;dark academia;digital art,"This is an abstract, dark, and moody digital artwork featuring a stylized representation of the human mind or psyche. The central element appears to be a complex, interconnected network of glowing blue lines and nodes, suggesting neural pathways or thought processes. These luminous structures are set against a deep black background, giving the image a mysterious and intellectual feel. There is no discernible physical object other than the abstract light patterns themselves. The overall aesthetic is modern, scientific, and deeply psychological."
2026-06-14T07:22:55.252923,ok,685,gemma4:e4b,C:\Users\oloon\Dropbox\images\uploads\quantum_psychology_cover.jpg,quantum_psychology_cover.jpg,321,500,art,sci-fi,quantum_psychology_cover.jpg,quantum_psychology_cover.jpg,True,quantum physics;psychology;consciousness;abstract;technology;mind;science fiction;digital art;energy;neural network,"This is an abstract, digitally rendered image featuring complex geometric and ethereal elements set against a dark background. The composition suggests themes of consciousness, quantum mechanics, and the mind. Dominating the center are several interconnected structures that resemble glowing neural pathways or energy fields. These structures are composed of bright cyan, electric blue, and white light, forming intricate webs and nodes. Some parts appear crystalline or fractal in nature, suggesting complex mathematical or physical principles. The overall aesthetic is highly technological and mystical, evoking a sense of deep thought or scientific breakthrough. There are subtle gradients and glows that give the image depth, making it look like an internal view of a quantum system or a psychological process."
2026-06-14T07:23:04.854516,ok,638,gemma4:e4b,C:\Users\oloon\Dropbox\images\uploads\ram_dass_dance_poster.jpg,ram_dass_dance_poster.jpg,331,512,art,abstract,ram_dass_dance_poster.jpg,ram_dass_dance_poster.jpg,True,poster;graphic design;music;dance;event promotion;typography;ram dass,"This is a poster-style graphic featuring the name 'RAM DASS' prominently displayed in large, stylized capital letters across the top center. Below the name, there is text that reads 'DANCE'. The background is dark and abstract, consisting of deep blacks and grays with subtle, swirling patterns or textures that suggest movement or energy. There are no visible people or specific scenes; the image is purely typographic and graphic design-oriented, designed to advertise an event or performance."
2026-06-14T07:23:14.988480,ok,643,gemma4:e4b,C:\Users\oloon\Dropbox\images\uploads\repetitions_book_cover.jpg,repetitions_book_cover.jpg,307,500,art,abstract,abstract_dark_texture.jpg,abstract_dark_texture.jpg,False,abstract;dark;texture;digital art;background;smoke;nebula;grunge;black and white;minimalist,"This is an abstract, dark, and highly textured digital artwork. The composition features a deep black background with swirling patterns of various shades of gray, white, and hints of blue. The overall effect suggests movement, depth, and perhaps cosmic or ethereal energy. There are visible streaks and wisps that resemble smoke, ink bleeding into water, or nebulae in space. The texture is granular and complex, giving the impression of a highly detailed macro shot of abstract matter. The style is reminiscent of modern abstract expressionism or digital glitch art."
2026-06-14T07:23:26.743114,ok,727,gemma4:e4b,C:\Users\oloon\Dropbox\images\uploads\solaris_book_cover.jpg,solaris_book_cover.jpg,298,512,art,fantasy,solaris_fantasy_book_cover.jpg,solaris_fantasy_book_cover.jpg,True,book cover;album art;dark fantasy;sci-fi;magic;warrior;ethereal;gothic;solaris,"This is an album cover or book cover featuring a dramatic, dark fantasy scene. The central element is a figure that appears to be a warrior or mage, standing in a desolate landscape. The character has pale skin and long, flowing white hair, giving them an ethereal appearance. They are dressed in intricate, dark armor with gold accents, suggesting high status or magical power. The pose is dynamic yet contemplative; the figure stands upright, looking out over the scene. In the background, there are elements of a ruined, gothic architecture—possibly castle walls or ancient ruins—under a dramatic sky filled with swirling clouds and an ominous atmosphere. The overall color palette is dominated by deep blues, blacks, grays, and contrasting highlights of gold and white, enhancing the sense of mystery and epic scale. The title 'SOLARIS' is prominently displayed in stylized lettering at the top, suggesting the source material or theme."
2026-06-14T07:23:36.183475,ok,727,gemma4:e4b,C:\Users\oloon\Dropbox\images\uploads\stagnant_society_cover.jpg,stagnant_society_cover.jpg,308,512,art,sci-fi,stagnant_society_cover.jpg,stagnant_society_cover.jpg,True,dystopian;post-apocalyptic;decay;society;collapse;science fiction;dark fantasy;illustration;bleak;humanity,"This is a dark, dramatic, and highly stylized digital illustration depicting a scene of decay and societal decline. The central focus is a group of figures seemingly trapped or immobilized within an oppressive environment. The color palette is dominated by deep blues, blacks, grays, and sickly greens, contributing to a somber and foreboding atmosphere. In the foreground, there are several indistinct human-like figures, some appearing skeletal or heavily draped in tattered garments. They seem to be struggling against unseen forces or simply existing in a state of decay. The background suggests an architectural setting that is crumbling or submerged, possibly underwater or within a ruined cityscape. There are elements suggesting advanced technology mixed with organic decay—perhaps broken machinery or bio-mechanical remnants. The overall mood is one of hopelessness, dystopia, and stagnation, strongly evoking themes of post-apocalyptic survival and societal collapse."
2026-06-14T07:23:44.674525,ok,652,gemma4:e4b,C:\Users\oloon\Dropbox\images\uploads\triple_thinkers_cover.jpg,triple_thinkers_cover.jpg,319,512,art,sci-fi,triple_thinkers_cover.jpg,triple_thinkers_cover.jpg,True,abstract;technology;collaboration;thought;futuristic;digital art;teamwork;connection;intelligence,"This is an abstract, digital artwork featuring three stylized human figures arranged in a triangular formation against a dark background. The figures appear to be interconnected or linked by glowing lines of light, suggesting collaboration or shared thought. They are rendered with geometric and minimalist elements, giving them a futuristic or conceptual feel. The color palette is dominated by deep blues, blacks, and vibrant electric blue/cyan accents used for the connecting energy lines and highlights on the figures themselves. The overall mood is intellectual, technological, and collaborative."
2026-06-14T07:23:53.444577,ok,634,gemma4:e4b,C:\Users\oloon\Dropbox\images\uploads\various_persons_kevin_obrien.jpg,various_persons_kevin_obrien.jpg,306,500,art,abstract,abstract_geometric_network.jpg,abstract_geometric_network.jpg,False,abstract;digital art;geometric;lines;dark;modern;technology;network;pattern,"This is an abstract, dark, and moody digital artwork featuring a complex pattern of interconnected lines and shapes against a deep black background. The composition suggests depth and movement, utilizing various shades of gray, charcoal, and subtle hints of blue or purple in the illuminated areas. There are no discernible figures or objects; instead, the focus is entirely on the intricate, geometric network of glowing lines that crisscross the frame. The overall aesthetic is highly stylized and modern, evoking themes of technology, data flow, or abstract thought."
2026-06-14T07:24:01.586050,ok,710,gemma4:e4b,C:\Users\oloon\Dropbox\images\uploads\vision_voice_crowley.jpg,vision_voice_crowley.jpg,348,512,art,fantasy,vision_voice_crowley.jpg,vision_voice_crowley.jpg,True,portrait;male;fantasy;gothic;mystical;character design;illustration;magic;ethereal,"This is a digital illustration featuring a stylized, ethereal portrait of a man with striking features. The man has dark hair that appears somewhat tousled and falls across his forehead. His eyes are the most prominent feature, depicted as intense and piercing, looking directly at the viewer. He has strong facial bone structure, including defined cheekbones and a sharp jawline. He is dressed in what appears to be period or fantasy attire, suggested by the high collar and dark fabric visible around his neck and shoulders. The background is abstract and moody, featuring deep blues, blacks, and hints of purple and teal, giving the overall impression of mystery or magic. There are subtle glowing elements and wisps of energy surrounding him, enhancing the mystical atmosphere. The style suggests a blend of gothic fantasy art with modern digital painting techniques."
